round,accuracy,clean_accuracy,malicious_accuracy
1,0.0116,0.0145,0.0
2,0.0136,0.016625,0.0015
3,0.011,0.011875,0.0075
4,0.01,0.0125,0.0
5,0.01,0.0125,0.0
6,0.01,0.0125,0.0
7,0.01,0.0125,0.0
8,0.01,0.0125,0.0
9,0.01,0.0125,0.0
10,0.01,0.0125,0.0
11,0.01,0.0125,0.0
12,0.01,0.0125,0.0
13,0.01,0.0125,0.0
14,0.01,0.0125,0.0
15,0.01,0.0125,0.0
16,0.01,0.0125,0.0
17,0.01,0.0125,0.0
18,0.01,0.0125,0.0
19,0.01,0.0125,0.0
20,0.01,0.0125,0.0
21,0.01,0.0125,0.0
22,0.01,0.0125,0.0
23,0.01,0.0125,0.0
24,0.01,0.0125,0.0
25,0.01,0.0125,0.0
26,0.01,0.0125,0.0
27,0.01,0.0125,0.0
28,0.01,0.0125,0.0
29,0.01,0.0125,0.0
30,0.01,0.0125,0.0
31,0.01,0.0125,0.0
32,0.01,0.0125,0.0
33,0.01,0.0125,0.0
34,0.01,0.0125,0.0
35,0.01,0.0125,0.0
36,0.01,0.0125,0.0
37,0.01,0.0125,0.0
38,0.01,0.0125,0.0
39,0.01,0.0125,0.0
40,0.01,0.0125,0.0
41,0.01,0.0125,0.0
42,0.01,0.0125,0.0
43,0.01,0.0125,0.0
44,0.01,0.0125,0.0
45,0.01,0.0125,0.0
46,0.01,0.0125,0.0
47,0.01,0.0125,0.0
48,0.01,0.0125,0.0
49,0.01,0.0125,0.0
50,0.01,0.0125,0.0
