round,loss
0,0.07375434064865112
1,0.06756814074516296
2,0.057841095924377445
3,0.052578294754028324
4,0.05115975260734558
5,0.05188232922554016
6,0.05744975328445435
7,0.06198788571357727
8,0.06815492820739746
9,0.07280779790878296
10,0.07331799983978271
11,0.07354765653610229
12,0.07374317073822022
13,0.07444631433486938
14,0.0736366605758667
15,0.07371759796142578
16,
17,
18,
19,
20,
