round,loss
0,0.128973388671875
1,0.1281636244058609
2,0.12552041977643966
3,0.1189847844839096
4,0.10271362960338593
5,0.09197462230920792
6,0.08010592430830002
7,0.07555112212896348
8,0.06884489685297013
9,0.06419071227312088
10,0.05908491045236588
11,0.5682379627227783
12,0.7830898070335388
13,
14,
15,
16,
17,
18,
19,
20,
21,
22,
23,
24,
25,
26,
27,
28,
29,
30,
31,
32,
33,
34,
35,
36,
37,
38,
39,
40,
41,
42,
43,
44,
45,
46,
47,
48,
49,
50,
