round,loss
0,0.07375434017181397
1,0.06310978817939758
2,0.0557270302772522
3,0.05141795682907104
4,0.04795517826080322
5,0.04518260931968689
6,0.04301413631439209
7,0.04121602213382721
8,0.03959625446796417
9,0.038094189882278445
10,0.03664884507656097
11,1.747859504699707
12,
13,
14,
15,
16,
17,
18,
19,
20,
21,
22,
23,
24,
25,
26,
27,
28,
29,
30,
31,
32,
33,
34,
35,
36,
37,
38,
39,
40,
41,
42,
43,
44,
45,
46,
47,
48,
49,
50,
