round,loss
0,0.14762267112731933
1,0.1483382444381714
2,0.14970999240875243
3,0.15226223278045653
4,0.14934290504455566
5,0.15010860919952393
6,0.15204296207427978
7,0.1542771224975586
8,0.14997530269622802
9,0.14602365112304688
10,0.1507692222595215
11,0.15843816375732422
12,
13,
14,
15,
16,
17,
18,
19,
20,
21,
22,
23,
24,
25,
26,
27,
28,
29,
30,
31,
32,
33,
34,
35,
36,
37,
38,
39,
40,
41,
42,
43,
44,
45,
46,
47,
48,
49,
50,
