round,loss
0,0.07209800248146057
1,0.061846727013587954
2,0.054313307857513426
3,0.04925023189783096
4,0.04585147758722305
5,0.04347118693590164
6,0.04164453821182251
7,0.040066240274906156
8,0.0386659803211689
9,0.03728925382494926
10,0.03601254277825355
11,1.6631693408966064
12,
13,
14,
15,
16,
17,
18,
19,
20,
21,
22,
23,
24,
25,
26,
27,
28,
29,
30,
31,
32,
33,
34,
35,
36,
37,
38,
39,
40,
41,
42,
43,
44,
45,
46,
47,
48,
49,
50,
