round,loss
0,0.1476227388381958
1,0.14732066822052
2,0.14770678234100343
3,0.14562117767333985
4,0.14256955814361572
5,0.13942266941070558
6,0.13614810943603517
7,0.13411804389953613
8,0.1323633279800415
9,0.1306087703704834
10,0.12888928699493407
11,1.6651896667480468
12,
13,
14,
15,
16,
17,
18,
19,
20,
21,
22,
23,
24,
25,
26,
27,
28,
29,
30,
31,
32,
33,
34,
35,
36,
37,
38,
39,
40,
41,
42,
43,
44,
45,
46,
47,
48,
49,
50,
