round,loss
0,0.07375434017181397
1,0.1362693099975586
2,0.0761545696258545
3,0.07495445704460144
4,0.07478333282470703
5,0.07458816051483154
6,0.08540743684768677
7,
8,
9,
10,
11,
12,
13,
14,
15,
16,
17,
18,
19,
20,
21,
22,
23,
24,
25,
26,
27,
28,
29,
30,
31,
32,
33,
34,
35,
36,
37,
38,
39,
40,
41,
42,
43,
44,
45,
46,
47,
48,
49,
50,
